{
  "PROD" : {
    "transaction" : "PROD",
    "sampleCount" : 150,
    "errorCount" : 1,
    "errorPct" : 0.6666667,
    "meanResTime" : 423.5333333333334,
    "medianResTime" : 382.0,
    "minResTime" : 12.0,
    "maxResTime" : 861.0,
    "pct1ResTime" : 619.7,
    "pct2ResTime" : 670.9,
    "pct3ResTime" : 853.3500000000001,
    "throughput" : 6.56397689480133,
    "receivedKBytesPerSec" : 63.6159188063408,
    "sentKBytesPerSec" : 1.5218084713591808
  },
  "PROD-0" : {
    "transaction" : "PROD-0",
    "sampleCount" : 149,
    "errorCount" : 0,
    "errorPct" : 0.0,
    "meanResTime" : 316.7315436241608,
    "medianResTime" : 285.0,
    "minResTime" : 83.0,
    "maxResTime" : 723.0,
    "pct1ResTime" : 510.0,
    "pct2ResTime" : 545.0,
    "pct3ResTime" : 688.5,
    "throughput" : 6.54887482419128,
    "receivedKBytesPerSec" : 3.5238574493451127,
    "sentKBytesPerSec" : 0.7610508828894164
  },
  "STAGE" : {
    "transaction" : "STAGE",
    "sampleCount" : 150,
    "errorCount" : 0,
    "errorPct" : 0.0,
    "meanResTime" : 113.41333333333345,
    "medianResTime" : 44.0,
    "minResTime" : 21.0,
    "maxResTime" : 670.0,
    "pct1ResTime" : 297.20000000000005,
    "pct2ResTime" : 377.9,
    "pct3ResTime" : 616.960000000001,
    "throughput" : 6.393316852783224,
    "receivedKBytesPerSec" : 60.6241275786378,
    "sentKBytesPerSec" : 0.8241385005540874
  },
  "Total" : {
    "transaction" : "Total",
    "sampleCount" : 598,
    "errorCount" : 1,
    "errorPct" : 0.16722408,
    "meanResTime" : 240.83277591973257,
    "medianResTime" : 249.0,
    "minResTime" : 12.0,
    "maxResTime" : 861.0,
    "pct1ResTime" : 461.1,
    "pct2ResTime" : 571.2999999999997,
    "pct3ResTime" : 710.1299999999999,
    "throughput" : 22.271880819366853,
    "receivedKBytesPerSec" : 161.1860597067039,
    "sentKBytesPerSec" : 3.310565060521415
  },
  "PROD-1" : {
    "transaction" : "PROD-1",
    "sampleCount" : 149,
    "errorCount" : 0,
    "errorPct" : 0.0,
    "meanResTime" : 109.28187919463093,
    "medianResTime" : 96.0,
    "minResTime" : 80.0,
    "maxResTime" : 285.0,
    "pct1ResTime" : 149.0,
    "pct2ResTime" : 193.0,
    "pct3ResTime" : 260.5,
    "throughput" : 6.675328166300793,
    "receivedKBytesPerSec" : 61.44691728081179,
    "sentKBytesPerSec" : 0.7822650194883741
  }
}